question,answer
What kind of relationship advice would you give to Kim and Kanye?,"I would advise them to enjoy every season of their relationship, as there will be both good and tough times. They should also try to surround themselves with positive people and families."
What are the author's plans for the future?,"The author plans to continue to travel and speak about their book, ""When We Fight, We Win!."" They will be premiering the book at Powerhouse Arena in Brooklyn tonight and at Harvard Book Store on Thursday. They will also be speaking at Busboys and Poets in Washington, D.C. on Tuesday, December 12th, and will be traveling to Chicago and Seattle in the coming weeks."
What is the current situation of Iran after the lifting of sanctions?,"The lifting of sanctions has not completely resolved Iran's problems. While the sanctions related to the nuclear issue have been lifted, those related to other issues, such as Iran's support for terrorism, remain in place. Additionally, Iran faces significant economic challenges, including a high unemployment rate and a struggling oil industry."
What is the main topic of the news?,"The news covers a variety of topics, including the passing of Natalie Cole, the People's Choice Awards, and a behind-the-scenes look at Wayne Newton's Las Vegas home."
What is the main challenge for President Obama in his final State of the Union address?,"The main challenge for President Obama in his final State of the Union address is to maintain an optimistic tone without sounding overly optimistic, considering that 77% of Americans believe the country is headed in the wrong direction. He needs to address the economic and national security insecurities felt by many Americans."
What is the theme of the upcoming Martin Luther King Jr. parade celebration?,"The theme is 'Infinite Hope,' inspired by King's quote, 'We must accept finite disappointment, but never lose infinite hope.'"
What is the reason behind Donald Trump not showing up for the debate?,Donald Trump has not shown up for the debate because he is holding a counter-programming fund-raising event at the same time.
What is the significance of today's date?,"Exactly seven years ago today, Barack Obama was inaugurated as president."
Why is Ted Cruz losing support among evangelical voters?,"A recent poll shows that Donald Trump has gained ground among evangelical voters, while Ted Cruz has lost support. This could be due to Trump's more populist message and his willingness to criticize Cruz's conservative credentials."
What is the potential impact of South Korea's planned propaganda broadcasts into North Korea?,"South Korea's planned resumption of propaganda broadcasts into North Korea is expected to increase tensions between the two countries. These broadcasts, which include criticisms of the North Korean regime and songs, were stopped in August when relations between the two Koreas seemed to be improving. However, following North Korea's recent nuclear test, South Korea has decided to restart the broadcasts, which will likely annoy and provoke the North Korean government."
What are the current snowfall measurements in some of the major cities affected by the winter storm?,"Dulles airport has received almost 2 feet of snow, Philadelphia has 17 inches, LaGuardia has 16 inches, and JFK has 13 inches. Additionally, some areas are still seeing snowfall and these measurements are expected to rise."
How did John Kasich respond to the question about his chances of winning in New Hampshire?,"John Kasich expressed confidence in his chances of winning in New Hampshire, stating that he can remove doubt from people's minds that he has the best resume and experience, and that he deserves a chance to be heard."
What is the main focus of the news?,The news focuses on the recent announcement by the US Food and Drug Administration (FDA) regarding the approval of a new drug for the treatment of Alzheimer's disease.
What actions does Daniel Levinson want the Obama administration to take regarding his father's case?,"Daniel Levinson wants the Obama administration to meet with him and his family, provide updates on their plan to secure his father's release, and continue pressing Iranian officials for information."
"What are some of the recommendations made in the book ""Crisis Point"" to improve Washington?","The book ""Crisis Point"" makes a number of recommendations to improve Washington, including congressional reform, electoral reform, and a call to public service."
What is the likelihood of the presidential actions on gun control being challenged in court or in a republican-controlled congress?,"The presidential actions on gun control are almost certain to be challenged in court, and possibly in a republican-controlled congress. Several republicans running for president have vowed that the orders would not last long if they are elected this year."
Why does supporting Turkey pose a challenge in addressing the refugee crisis?,"Supporting Turkey is challenging because it is reportedly sending people back to Syria and not allowing refugees to work there. Some people who come to Germany have stayed in Turkey for a year or two, but they are not allowed to work there, which leads them to move further into Europe. This issue is a significant concern, and Merkel's approach of trying to help rather than saying they can't help anymore is a positive step."
"What is the significance of the song 'Batman, Superman, or Spiderman' on Rod Stewart's new album?","The song 'Batman, Superman, or Spiderman' on Rod Stewart's album 'Another Country' is a touching and personal piece inspired by his experience of putting his 4-year-old son to bed and making up stories involving these superhero characters."
Can you tell me about the famous mountain lion that was recently spotted?,"Yes, the famous mountain lion was recently spotted looking healthy and mange-free. Previously, the mountain lion had developed mange after being exposed to rat poison. Despite this, the mountain lion has been able to get around and has been seen on dash cam footage. It was spotted on the wrong side of a major highway, prompting concerns about its safety."
"Why did Bill Cosby's wife, Camille Cosby, receive a stay from answering questions in the lawsuit against her husband?","The judge granted a stay to Camille Cosby, allowing her to appeal a decision that ordered her to participate in a deposition. The judge ruled that she could suffer irreparable injury if she appeared at this time."
What dramatic steps is the Academy taking to bring about diversity?,The Academy is taking dramatic steps to alter the makeup of its membership and bring about diversity. This decision comes after the backlash from Hollywood heavyweights announcing a boycott of the 2016 Oscars due to the lack of inclusion.
What did the person comment when they saw the dog's reaction to the cat eating dog food?,The person commented 'cat eats dog food' and suggested watching a related video on YouTube.
"What event caused a flash crash that erased $121 million of value from the S&P 500 on April 23rd, 2013?","A false report of President Obama being injured in an explosion, which was published by hacked Associated Press account, triggered high-frequency raiding algorithms and caused a flash crash."
How have Republican leaders in Washington reacted to the rise of Donald Trump and Ted Cruz?,Republican leaders in Washington have entered the acceptance phase of Donald Trump and Ted Cruz's campaigns. Many have accepted that the establishment has little hope of stopping them and are figuring out how to work with them. The acceptance phase is seen as a step towards eventual support or cooperation with the two candidates.
How is the plant-based meat industry working towards making its products more accessible to consumers?,"The plant-based meat industry is working towards making its products more accessible to consumers by focusing on affordability, improving distribution channels, and increasing awareness of the health and environmental benefits of plant-based diets."
What did El Chapo say about himself in an interview with Rolling Stone?,"In an interview with Rolling Stone, El Chapo described himself as a god-fearing family man who loves his mother, wants to die of natural causes, and hasn't done drugs in 20 years. He also said that freedom is beautiful."
What is the current status of Caesar Goodson's trial?,"Caesar Goodson's trial has been postponed indefinitely due to the intervention of the Court of Special Appeals of Maryland. The court is reviewing whether Officer William Porter, who was involved in Goodson's case, can testify in the trial without incriminating himself."
What are the international reactions to the war?,The international community has condemned the Russian invasion and imposed sanctions on Russia. The United States and its allies have also provided military and humanitarian aid to Ukraine.
What is Harry Connick Jr.'s new project after 'Idol'?,"Harry Connick Jr. is debuting his very own daytime variety show simply titled 'Harry' this fall, where he will get to sing, play, do comedy, talk to people, and entertain."
What was the primary motivation behind the making of this movie?,The filmmakers wanted to immerse themselves in the actual elements and see what kind of poetry and questions arose within them as filmmakers.
How did Willis Duncan's life take a drastic turn?,"A coal mining accident left Duncan with severe injuries, leading him to develop a lifelong addiction to painkillers due to his doctor's excessive prescription of pills."
How did the execution of the Shiite cleric spark protests in Tehran?,"The execution of the Shiite cleric sparked protests in Tehran because it brought to light the ongoing tensions between the Saudi and Iranian governments. The two countries have been fighting proxy wars in Syria and Yemen, and the execution of the cleric highlighted the plight of Shiite Muslims in Saudi Arabia who feel they are not fully represented in the government."
What are some of the misconceptions about computer science that are discouraging students from pursuing it as a career?,Some of the misconceptions about computer science that are discouraging students from pursuing it as a career include the belief that it is not a creative field and requires extensive mathematical skills. These misconceptions are leading to a decline in the number of students enrolled in computer science programs in the US.
How did Ken Kratz's actions impact his career and personal life?,"Ken Kratz's actions led to a scandal involving inappropriate messages sent to a domestic violence abuse victim. He pleaded no contest after the Associated Press unearthed racy texts he had sent. As a result, Kratz lost his job and wife, and his business dried up due to bad publicity from 'Making a Murderer'. Despite this, Kratz states that he knows he did the right thing."
What are your expectations for your sons?,I want my sons to be better men than I am. I want them to behave with honor and dignity.
What is the significance of the Rams' website launching on Monday?,"The Rams' website is expected to launch on Monday with information on ticket sales, marking a major milestone for the team's return to Los Angeles."
"What was Leslie's role in the murders, and what is her current situation?","Leslie was involved in the murder of Sharon Tate and the killing of the LaBiancas, stabbing Rosemary multiple times while on acid. She has been in prison for 44 years and has been denied parole multiple times. Leslie has distanced herself from her past and tries to disassociate from the murders, focusing on her life before the involvement with Manson's cult."
What is the name of Wayne Newton's Las Vegas home?,The news does not mention the name of Wayne Newton's Las Vegas home.
"What messages were written in the sky over the Rose Parade, and who paid for them?","Six skywriting airplanes created anti-Donald Trump messages, including 'America's great, Trump is disgusting, and anybody but Trump.' These messages were paid for by an Alabama billionaire real estate developer, Stan Pate, who was an early supporter of Marco Rubio. The messages were seen along the parade route, including by people from Iowa who were there to see the Rose Bowl."
What are the key components of the Day Off Diet?,"The Day Off Diet is designed to provide flexibility and sustainability while promoting weight loss. It involves following a structured eating plan for six days of the week, focusing on non-starchy vegetables, protein, and complex carbohydrates. On the seventh day, individuals are allowed to indulge in their favorite foods, known as the 'day off.'"
What is Governor Rick Scott's opinion on Donald Trump not showing up at the Fox debate in Iowa?,"Governor Rick Scott believes that every candidate should figure out for themselves how to get their message out, and Donald Trump can decide for himself whether to show up at the debate. In Scott's case, he eventually showed up to a debate in 2014 and had a big win. He also thinks the national party should not be as restrictive on the debates and their location."
What was the motive behind Jeremy Blanchard's triple homicide?,"Jeremy Blanchard's motive for the triple homicide was his anger and hatred towards his former girlfriend, Jessica Berg, after she had an abortion. He felt that the abortion was the murder of his child and that he had been stabbed in the heart a thousand times."
What is Bob Saget's rule for making a martini?,"Bob Saget's rule for making a martini is to shake it 100 times. He learned this rule from his father, who would count the shakes."
What has been the impact of ISIS attacks on Turkey since summer?,"Since summer, ISIS has been blamed for several attacks in Turkey, including one in a border town along the Turkey/Syria border and a horrific attack in Ankara where twin suicide bombers targeted a rally and killed more than 100 people. These attacks led to nationwide sweeps by authorities, resulting in the detainment of hundreds of individuals with alleged ties to terrorism."
Why is there speculation about an empty podium or a cardboard cutout of Donald Trump at the debate?,There is speculation about an empty podium or a cardboard cutout of Donald Trump at the debate because he has decided not to attend the debate hosted by Fox News. This has led to discussions about how the debate will be affected by his absence and if it will be good or bad for his campaign.
What is the main reason for President Obama's visit to Detroit?,President Obama is visiting Detroit to tout his administration's role in salvaging the auto industry and to address local issues such as the closure of Detroit public schools and the toxic water crisis in Flint.
"What does Ken Kratz, the prosecutor, claim was the most damning omission in the documentary?","Ken Kratz, the prosecutor, claims that the most damning omission in the documentary was the fact that Steven Avery made three calls to Halbach, the victim, and requested her by name to come and photograph the van he was selling. This, according to Kratz, suggests that Avery targeted Halbach."
What is the purpose of the foundation that Matt Damon co-founded?,"Matt Damon co-founded Water.org, a foundation that aims to address the global water crisis and provide access to clean water for communities in need."
What is the main topic of the news?,The news is about the recent developments in the ongoing conflict between Russia and Ukraine.
"What is the main idea behind the Giverful movement, according to Nancy Campbell?","According to Nancy Campbell, the Giverful movement promotes Christian procreation, urging women to birth as many babies as God fronts, citing Psalm 127, which likens children to arrows in the hand of a mighty man, and Psalm 111, which says blessed is the fruit of the womb."
What is the new plan announced by the President?,"President Obama announced a plan to partially close the so-called gun show loophole, requiring occasional gun sellers to get licenses and conduct background checks. Additionally, the plan allocates more funding for mental health treatment and hiring agents."
What are the potential consequences for Hillary Clinton's campaign if Bill Clinton makes controversial statements or becomes embroiled in further scandals?,"If Bill Clinton makes controversial statements or becomes embroiled in further scandals while on the campaign trail, it could have significant consequences for Hillary Clinton's campaign. It could potentially damage her reputation and credibility, particularly among voters who are concerned about ethical conduct and transparency in government. Additionally, it could further alienate younger and more progressive voters who may already be skeptical of Hillary Clinton's authenticity. Furthermore, it could provide ammunition to her opponents, who would likely use any missteps by Bill Clinton to attack her judgment and fitness for office. Overall, the potential consequences of Bill Clinton's controversial statements or scandals could be significant and could potentially derail Hillary Clinton's campaign."
What is the name of the new drug approved by the FDA?,The name of the new drug approved by the FDA is Leqembi (lecanemab-irmb).
What are the potential consequences for the deputy who lost the weapon?,It is unclear whether the deputy will face disciplinary action. The sheriff's department has stated that this is a personnel matter and they cannot comment on it at this time.
"What makes the World Economic Forum in Davos unique, and who participates in the event?","The World Economic Forum in Davos is unique because it brings together people with different mindsets, including business leaders, politicians, and social interviewers. This diversity allows for a variety of perspectives and fosters discussions on a wide range of topics during the event."
What game are Lauren and Emily about to play on the show?,"Lauren and Emily are about to play the 5-second rule game, where they have to name three things in a given category in 5 seconds."
What is the issue with the gas station in Ontario and what measures are being taken?,A mix-up at a gas station in Ontario resulted in the delivery of diesel fuel instead of gas. The station's owner will reimburse customers for a full tank of gas and pay for repairs.
What happened to the sea turtles that were recently released off the North Carolina coast?,"More than 300 sea turtles were rescued and released off the North Carolina coast. They were nursed back to health after being affected by a cold snap that caused a drastic drop in the seawater temperature. The turtles were found cold-stunned and floating or washed ashore. After being rehabilitated, they were taken 20 miles offshore to warmer waters and released back into the ocean."
What did Lady Gaga reveal at the Producers Guild Awards?,"Lady Gaga revealed that her aunt was a victim of sexual assault, which led to her developing lupus and ultimately caused her death. Gaga also revealed that she herself was once a victim of assault."
What is the response of New Hampshire voters to Donald Trump's questioning of Ted Cruz's citizenship?,"According to the speaker of the New Hampshire house, the issue of Ted Cruz's citizenship has not resonated with New Hampshire voters. The speaker believes that Cruz is a natural-born citizen, and the issue is a non-issue."
What were some of the challenges faced by Hillary Clinton during her campaign?,"Hillary Clinton faced a number of challenges during her campaign, including questions about her use of a private email server while serving as Secretary of State, her perceived lack of authenticity, and the rise of Bernie Sanders as a strong challenger for the Democratic nomination."
What is the role of anger and empowerment among voters in the 2016 GOP race?,"Anger and empowerment among voters, particularly on the far right and far left, have played a significant role in the 2016 GOP race. Voters are angrier than they have been in decades and feel more empowered than ever before. This sentiment has led to increased support for anti-establishment candidates who tap into this anger and desire for change."
What is the latest development in the case of the man who bought the guns used in the San Bernardino terror attack?,"Enrique Marquez, the man who bought the guns used in the San Bernardino terror attack, entered a not guilty plea in court this morning. He faces up to 50 years in federal prison for alleged crimes relating to his involvement with the late Syed Farouk."
How has the placebo effect been impacted in the US?,"In the US, the placebo effect has become stronger due to increased exposure to pain medication and longer, larger clinical trials, which provide better quality of care."
"How have young Egyptians been affected by the outcome of the 2011 revolution, five years on?","Although young Egyptians were the driving force behind the 2011 revolution, many of them now feel betrayed by the outcome. Iconic figures of the revolution are either in exile or in jail, and the same tools that united people to topple dictators eventually tore them apart. Despite the challenges, some still have a sense of accomplishment and believe that another revolution may happen in the next five years."
What is the conversation about in this house?,"The conversation is about a family showing their house to potential buyers, and also discussing a serious topic with their daughter Lily about her mother."
What is the significance of the Cliven Bundy standoff in relation to the Oregon occupation?,"The Cliven Bundy standoff in Nevada in 2014, where armed militiamen rallied to support Cliven Bundy's refusal to pay cattle grazing fees, is seen as a major catalyst for the increase in militia groups and the Oregon occupation."
What is the weather forecast for the weekend?,"The weather forecast for the weekend is slightly cooler, with temperatures in the 60s. There is also a slight chance of rain on Saturday, but many areas are expected to stay dry."
Why are oil prices still falling and what impact does it have on gasoline prices?,"Oil prices are still falling due to oversupply of oil in the market, even with the massive amount of oil being produced all over the world, including the US. This downward pressure on prices can't continue indefinitely, according to oil analysts. The economic slowdown also contributes to lower oil consumption, causing pain in the oil and gas business. However, this situation helps keep a lid on gasoline prices. As of now, regular gasoline costs $1.97 in the United States, a decrease from $2.14 a year ago."
What are the common challenges faced by overweight adults trying to lose weight?,"Overweight adults often struggle with hunger and making healthy food choices, which can hinder their weight loss efforts. It's recommended to consult with a doctor to develop a personalized diet and exercise plan that can help achieve a healthy weight."
What are the challenges in replacing the lead pipes in Flint?,"Replacing the lead pipes in Flint is a massive undertaking that could cost over $100 million. The city has neglected its infrastructure for many years, and it will take a significant investment to make the water system safe again. Additionally, it could take up to a decade to replace all of the lead pipes."
What is the new feature on the dating app Tinder?,"Tinder has a new feature called the desirability rating, which helps users find the perfect match."
Who is Artyom Gasparyan and why were over 100 detectives assigned to capture him?,"Artyom Gasparyan is a fugitive wanted for a series of violent crime sprees over the last month, including one murder, 4 attempted murders, several armed robberies, and carjackings. He was considered the most dangerous man in LA and more than 100 detectives were assigned to capture him."
What did Donald Trump say about Bill Clinton's past with women?,Donald Trump stated that it is fair game to discuss Bill Clinton's past with women because Hillary Clinton is emphasizing her gender and encouraging women to vote for her and her potential future spouse.
What is the weather forecast for Southern California this weekend?,The weather forecast for Southern California this weekend is partly cloudy with a chance of light rain on Monday night into Tuesday.
Why does Jerry Falwell Jr. think the United States is at a crossroads?,"Jerry Falwell Jr. believes the United States is at a crossroads because the country is on the verge of losing its economic stature in the world and becoming a third-world country, and needs someone who has turned companies around and made them prosperous to lead the country."
What is the main topic of the news?,"The news is about the recent meeting between the US President Joe Biden and the Chinese President Xi Jinping on the sidelines of the G20 summit in Bali, Indonesia."
What is the main focus of the news?,"The news primarily centers around the upcoming midterm elections in the United States, which will take place on November 8, 2022."
Why is the FBI opening a second investigation into the Clinton Foundation?,"The FBI is opening a second investigation into the Clinton Foundation to examine how money was raised, how it was used, and whether there were any connections between government actions and donations to the foundation."
What is the advantage of using Liberty Mutual for car insurance if you have accident forgiveness?,"If you have accident forgiveness with Liberty Mutual, your rates will not go up due to your first accident. Additionally, their claim centers are available to assist you 24/7."
What is the biggest thing that President Obama plans to do to expand background checks?,"The biggest thing that President Obama plans to do is to expand the definition of what it means to be a gun dealer. This means that if you have to be licensed, you have to do a background check. Right now, about 40% of gun sales do not require a background check. By toughening up these regulations, they can have more people checked out before they're able to get a gun."
What is the current weather situation in southern California and what is causing it?,"In southern California, high clouds are drifting over the region, and a weak front offshore is not causing any problems. However, the satellite shows that things are lining up over the Pacific Ocean, which is what is desired. The goal is for areas of low pressure and the accompanying jetstream to move over southern California, which will move the high out and bring the weather that has been causing the drought. This is expected to happen in the first part of the week, with several weather systems coming over a low pressure system and making their way into southern California, bringing rain."
Why did Jeb Bush decide to cancel his ad buys and move his staff to early states?,Jeb Bush decided to cancel his ad buys and move his staff to early states based on the reality of where the campaign is at. He believes that advertising on television is less effective than voter contact in these early states.
What concerns does retired Major General James Spider Marks have regarding the lifting of sanctions on Iran?,"Retired Major General James Spider Marks, viewing the situation through a military lens, is primarily concerned with the influx of technology into Iran as a result of the lifted sanctions. He is specifically worried about dual-use technology, which has a low threshold for military use. Marks is concerned about how to deal with Iran as an international body when companies start pouring into the country, as it is a fertile market with increased funds available."
What is the new feature of the Samsung fridge?,The new feature of the Samsung fridge is a touch screen that you can shop on. You can order groceries from your refrigerator and a nearby grocery store will deliver your food to you.
What is the main idea of the song?,The song is about overcoming challenges and finding strength in the face of adversity. The singer encourages listeners to be kind to themselves and to let go of the past. They also emphasize the importance of human connection and support.
What is the significance of the protests in Columbus?,"The protests in Columbus are significant because they represent a broader movement of people who believe that the Tamir Rice case was mishandled and are demanding a new, unbiased investigation."
What is the latest development in the San Bernardino shooting case?,"Enrique Marquez, the man accused of supplying the assault rifles used in the San Bernardino shooting, pleaded not guilty to all five charges against him during his arraignment."
What is the current status of the Democratic presidential candidates in the race to the crucial Iowa caucus?,"The race is very close in Iowa and New Hampshire, with Hillary Clinton and Bernie Sanders in a tight competition. When the campaign began, Clinton was 50 points ahead of Sanders, but now the race is very, very close. All the candidates are aware that they are exactly two weeks from the Iowa caucus, and the results there are the numbers that really matter."
Why was Patrick Gaskill's visitation privileges restricted?,Patrick Gaskill's visitation privileges were restricted because he was caught with a plastic bag full of inmate-made alcohol in his cell.
What happened in the recent attack in Paris?,"In Paris, a man armed with a knife and shouting ""Allah Akbar"" attacked a police station. He was wearing what appeared to be a suicide vest, but it was later determined to be fake. The man was shot dead by police."
What health condition has Jamie Lynn Sigler been battling for years?,Jamie Lynn Sigler has been battling multiple sclerosis for years.
What is Nancy Grace's opinion on Steven Avery's possible appeal?,Nancy Grace believes that an appellate court will examine the evidence rather than a docuseries made by two film students and that Steven Avery is unlikely to be released from prison.
What are the potential risks for Trump in accepting Palin's endorsement?,"Trump may be seen as pandering to Palin's supporters, which could alienate some voters who view him as an outsider. Additionally, Palin's endorsement may not be enough to sway voters who are already committed to other candidates."
What is the latest news about the mid-life crisis?,"A recent study from the universities of Alberta has debunked the myth of the mid-life crisis, suggesting that people are actually happier in their mid-40s than they were at age 18. Stability in relationships and careers is cited as a possible reason for this increased happiness."
What are the concerns raised by Republican presidential candidates regarding the executive order?,Republican presidential candidates have expressed concerns that the executive order could be easily reversed by a future president and that it may infringe on the rights of law-abiding gun owners.
What is the issue with the $43 million gas station built in Afghanistan?,"The $43 million gas station built in Afghanistan has become an issue as the Department of Defense (DoD) cannot say how much the gas station cost. The Special Inspector General found that the gas station cost $43 million, but the bigger issue is the lack of accountability and tracking of the funds spent on this project."
How did Taylor feel about his experience of inspecting the New Year's Eve crystal ball?,Taylor was in awe and found it very cool when he got to hit the switch and light up the crystal ball.
How did the president respond to the idea that background checks would not stop all gun-related crimes?,"The president acknowledged that crimes will always exist, but stressed the importance of looking at the data on gun deaths and addressing the most common forms of gun violence."
What is the significance of the immigration raids in 2016?,"The immigration raids in 2016 were significant because they resulted in the detention and deportation of over 100 people, a record number. This was seen as a betrayal by the Obama administration, which had promised to reform immigration policy."
What is the name of the new cold remedy being advertised?,The new cold remedy being advertised is called Zicam.
What is the main criticism that Bernie Sanders has against Hillary Clinton?,"Bernie Sanders' main criticism against Hillary Clinton is that she accepts money from Wall Street firms like Goldman Sachs, which he believes gives them undue influence in politics."
"What is the current situation of the water crisis in Flint, Michigan?","The water crisis in Flint, Michigan, is still ongoing, with class-action lawsuits expected to be filed against city and state officials over the delayed response to the crisis. When officials switched the water source from Lake Huron to the Flint River to save money, they waited nearly five months to warn the public of the toxic levels of lead created by the switch. The system has been switched back to Lake Huron water, but the pipe system was damaged so badly that the water is still not safe to drink. Officials say it could be months before it's safe to drink water in Flint again. National Guard troops are on the ground distributing water and filters, and celebrities, including Cher and Michael Moore, are trying to help residents."
What is the significance of Lawrence Tribe's expertise on the issue of natural-born citizenship?,Lawrence Tribe is a Harvard Law Professor who has written extensively on the topic of natural-born citizenship. He has been involved in previous discussions about John McCain's eligibility in 2008 and has written a memo on the topic. He is considered an expert in the field and has been consulted on the issue.
What is the current status of Steven Avery and Brendan Dassey's case?,"Steven Avery and Brendan Dassey are fighting back hard with Avery having a new attorney with a history of freeing the wrongly convicted. Dassey is waiting on a decision from a federal judge that could allow a new trial. Despite the popularity of 'Making a Murderer', Avery's former defense attorney and the makers of the documentary believe the case may remain a mystery and a bitterly contested one at that."
"What is the main focus of the documentary ""Making a Murderer""?","The documentary focuses on the case of Steven Avery, who was exonerated on a rape charge after serving 18 years in prison, only to be arrested and convicted of murder a few years later."
What is expected to happen with the weather in Southern California due to El Niño?,"El Niño is expected to bring rain and snow to Southern California, potentially doubling the rainfall and snowpack, and ending the drought, with the storms expected to start this week and continue for the next three months."
What is the significance of the fact that 42% of Americans are independent?,"The fact that 42% of Americans are independent is significant because many of these individuals are young and support Bernie Sanders. These individuals may not be watching TV ads and are more likely to support a candidate like Sanders, who has had a fun and unconventional campaign. This demographic could play a crucial role in the Democratic primaries, particularly in Iowa, where caucus goers will be deciding between Clinton and Sanders."
What was the purpose of the event and where did the donations go?,"The purpose of the event was to raise funds for veterans. The donations were initially going directly to the Donald J. Trump Foundation, and would later be narrowed down to specific groups, with K-9s for Warriors and the Green Berets being considered. The exact groups and the allocation of funds are yet to be determined."
What was the cause of Natalie Cole's death?,The news does not specify the cause of Natalie Cole's death.
What is the current situation in the Middle East?,"The Middle East is currently in a state of turmoil, with tensions escalating between Saudi Arabia and Iran. The US is facing a dilemma in deciding whose side to take in the conflict."
What are the key trends in personal technology that are being showcased at the conference?,"The key trends in personal technology that are being showcased at the conference include robots, self-driving cars, and drones."
What is the significance of the applications filed by three teams to relocate to Los Angeles?,"The applications filed by three teams to relocate to Los Angeles mark a significant development in the city's efforts to regain an NFL team. If approved, these teams could bring a major economic boost to the area and provide fans with a renewed sense of excitement for the sport."
What was the original purpose of the Constitution regarding citizenship?,"The original purpose of the Constitution regarding citizenship was to exclude certain groups of people, such as slaves and Native Americans, from citizenship. The Founding Fathers had purposes that are no longer embraced today, such as considering slaves to be 3/5 of a person and treating Native Americans as second-class citizens."
What is the significance of the recent discovery of water on the moon?,"The discovery of water on the moon is significant for several reasons. First, it suggests that there may be resources that could be used by astronauts during future missions to the moon. Second, it provides new insights into the history of the moon and its formation. Finally, it opens up the possibility of using the moon as a stepping stone for further space exploration, including missions to Mars and beyond."
What is the temperature forecast for the Inland Empire and inland Orange County?,The temperature forecast for the Inland Empire and inland Orange County is expected to be in the low to mid-60s. Laguna Beach is expected to be around 64 degrees.
What is the reason for the surprising closeness between Hillary Clinton and Bernie Sanders in recent polls?,"The closeness between Hillary Clinton and Bernie Sanders in recent polls is due to a combination of factors. Sanders has a message that is resonating with Democrats in the same way that Trump's message is resonating with Republicans. Additionally, Clinton has a problem of trust and honesty among both Republicans and Democrats, which is reflected in her net negative favorability ratings. This has made it difficult for her to shake off Sanders' challenge."
What is the current state of Egypt's political landscape?,"Egypt's political landscape is currently characterized by repression, with mass arrests, raids on homes, and the imprisonment of prominent activists and revolutionaries. The government justifies these actions by citing a threat from terrorist organizations, particularly the Muslim Brotherhood."
What are the potential benefits of the new drone design being showcased at the show?,"The new drone design showcased at the show has the potential to revolutionize disaster relief efforts. In the event of an earthquake or landslide, these drones could be used to drop emergency supplies into areas that are difficult to reach by traditional means."
What happened when Mitch's dad tried to help fix the stuck bed?,"When Mitch's dad tried to help fix the stuck bed, he realized that it was actually stuck and couldn't be moved."
How does ISIS recruit people in Southeast Asia?,"ISIS uses local people to appeal to people in their homelands, using the common tongue and language, and appealing to national pride and Islamic pride."
When can we expect to get the results of the Iowa caucuses?,"The results of the Iowa caucuses may be delayed due to the large number of new voters and the complexity of the caucus process. We can expect to get the results around 8:30 pm Eastern time, but it may take longer if there are issues with the voting process."
What is Joe Biden's 'moon shot for cancer' initiative about?,Joe Biden's 'moon shot for cancer' initiative is focused on finding a cure or turning certain cancers into chronic diseases. This stems from his personal experience with his son Beau's battle with cancer and his desire to make a difference in cancer research as his next life's work. He aims to use his platform and convening powers to bring people together and make a difference in the fight against cancer.
How many individuals were arrested in connection with the healthcare fraud scheme?,A total of 12 individuals were arrested in connection with the healthcare fraud scheme.
"What is the impact of the water crisis in Flint, Michigan?","The water crisis in Flint, Michigan has had a devastating impact on the city's residents. At least 100 children have elevated levels of lead in their blood, which can cause permanent brain damage. The crisis has also caused widespread distrust in the government and public health officials."
What did the CDC advise pregnant women to do?,The CDC advised pregnant women to avoid traveling to countries where the Zika virus has been detected.
Who is Nancy Campbell and what is her role in the Giverful movement?,"Nancy Campbell is a charismatic New Zealand native and mother of 10 children, six biological and four adoptive, who has been quivering for 50 years. She is an ardent believer in the Giverful movement and explains its meaning through Psalm 127 in her well-worn Bible."
What is the opinion of the interviewee about the impact of Trump's absence on Senator Cruz at the debate?,"The interviewee believes that Trump's absence will not have a negative impact on Cruz, as he is a principled, pro-family conservative with a strong ground game. The interviewee also mentions that, according to the Iowa State University poll, Cruz is ahead of Trump in Iowa, which increases his chances of performing well at the debate."
What is Kim's opinion on the possibility of a third 'Sex and the City' movie?,"Kim would love to see a third 'Sex and the City' movie and believes it would be a blast. She acknowledges that the second movie may not have been as well-received as the first, but she is eager to see where the characters go next."
When did Iggy Pop last perform crowd surfing during a concert?,Iggy Pop mentioned that he last performed crowd surfing during his last tour in the previous year.
What is the significance of Trump's schedule and itinerary in the days leading up to the primaries?,"Trump's schedule and itinerary, which includes stops in Iowa, New Hampshire, South Carolina, and then back to Iowa, shows that he is confident and feels he can play the whole board, not just focus on one state to give him a slingshot."
"How have recent events impacted the daily life and mood in Paris, and what hopes do residents have for the future?","Recent events, including the 'Charlie Hebdo' attacks and the November attacks, have had a significant impact on daily life in Paris. Restaurants and holiday celebrations have been quieter than usual, and people are generally staying at home, trying to cope with the new normal. Despite this, there is hope that the current situation is exceptional and not a permanent change. Authorities and residents alike are working to accept and deal with the new normal while hoping for a return to normalcy in the future."
What measures can be taken to prevent the misuse of photos posted online?,"Once a photo is taken, the owner has the rights to it. To prevent misuse, experts suggest taking the following steps: limiting postings to social media sites with privacy settings like Facebook or Instagram, right-clicking and disabling the save function on images, and searching Google to find out who used the picture and requesting them to take it down. Most sites comply quickly with such requests. Jennifer, a blogger from Texas, took similar steps when she discovered that pictures of her kids were used on other websites without her permission."
What major natural disaster struck Nepal in 2015?,"Nepal was hit by a devastating earthquake in 2015, which caused widespread destruction and claimed the lives of approximately 9,000 people."
What is the main focus of Bernie Sanders' campaign?,The main focus of Bernie Sanders' campaign is to challenge the influence of Wall Street and the excessive spending on campaign contributions by corporations.
What are some of the challenges faced when training a deaf dog?,Training a deaf dog requires the use of hand signals and a lot of patience. It's important to educate the family on how to properly train the dog and ensure everyone is on the same page.
What is the main concern raised by Japan regarding North Korea's nuclear capabilities?,"Japan is concerned that even if North Korea does not possess a hydrogen bomb, it still has a significant arsenal of other dangerous weapons, including nuclear warheads and missiles capable of reaching South Korea and Japan."
Who did Mitch suggest as a chaperone for the pool party?,Mitch suggested his uncle as a chaperone for the pool party.
What is the reason for the investigation?,The investigation is being conducted due to concerns about the accuracy of the company's financial statements.
What was the awkward moment in the pageant and how did the women handle it?,"The awkward moment in the pageant was when Steve Harvey accidentally announced Miss Columbia as the winner instead of Miss Philippines. The women handled it beautifully, showing grace and poise in a difficult situation."
What are the weather conditions expected in the northwest?,"The weather conditions expected in the northwest are warm, with temperatures in the 60s and rain."
What is the purpose of the new initiative by the New York City government to provide free legal services to tenants facing eviction?,"The New York City government has announced a new initiative to provide free legal services to tenants who are facing eviction. The purpose of this initiative is to help tenants understand their rights and navigate the eviction process, which can be complex and overwhelming. By providing access to legal representation, the city hopes to reduce the number of people who are displaced from their homes and ensure that tenants are treated fairly under the law."
What is the name of the movie that Matt Damon is currently promoting?,"The movie that Matt Damon is currently promoting is called ""The Martian""."
What happened to the woman's son?,"The woman's son suffered burns to his hand, a broken hip, leg, and ankle."
How does Donald Trump believe the issue of North Korea's nuclear weapons should be handled?,"Donald Trump believes that China should take the lead in resolving the issue of North Korea's nuclear weapons, as China has significant influence over North Korea."
How have the political parties responded to the San Bernardino shooting?,"Republicans have emphasized terrorism as the primary issue, while Democrats have focused on gun control. Democrats have become more vocal in their support for gun control, recognizing its growing popularity among their voter base."
"What is the current situation in Washington, D.C. and how is the government responding?","In Washington, D.C., federal government offices remain closed after receiving 20 inches of snow. The city is still dealing with the aftermath of the storm, with tens of thousands of people digging out from under the snow. The roads are open but messy, and some neighborhoods are still buried in snow."
"What are the key findings of the new jobs report, and what industries are seeing the most growth?","The unemployment rate is holding steady at 5%, and nearly 200,000 new jobs were added last month. Industries seeing job gains were led by temporary health services, health care, transportation, and construction."
What is the role of McBride in the Steven Avery case?,"McBride has become a sort of freelance gumshoe, combing through the court documents herself and even driving around Mishicot, Wisconsin, to gain a better understanding of the case."
What is the current weather like and how will it change tonight?,"The weather today is nice and warm, around 5 degrees above average. However, it gets cooler at night, and it will be windy tonight with gusts of up to 30 miles per hour. The winds will pick up as we head into the nighttime hours, and temperatures will be in the upper 50s and low 60s. Tomorrow, temperatures will be warm, and it will be windy due to the offshore flow from high pressure. A ridge of high pressure will peak through the end of the workweek, with the warmest days being Thursday and Friday. A chance of rain is expected on Saturday night into Sunday morning."
What is the significance of the recent Powerball lottery jackpot?,"The recent Powerball lottery jackpot is significant because it is extremely large, with a potential payout of several billion dollars. This has generated a great deal of excitement and interest, with many people buying tickets in the hopes of winning the jackpot. The Powerball lottery is a type of game in which players choose a set of numbers and have a chance to win a large cash prize if their numbers are drawn. The odds of winning the jackpot are very low, but the potential payout is so high that it has attracted a lot of attention and speculation."
What was the hardest part for Clarence Brandley while being on death row?,Clarence Brandley mentioned that the hardest part of being on death row was getting close to other guys on death row. He formed a bond with them and found it difficult to be in such a situation.
What is the proposed solution to address the challenges faced by black students?,The speaker suggests that interventions are necessary to provide black students with equal access to high-quality education and to address the systemic issues that contribute to their lower educational outcomes.
How is Lamar Odom doing?,"Lamar Odom is out of the hospital and doing well, but his recovery is an ongoing process that requires daily effort."
Why is there a controversy about Ted Cruz's loan from Goldman Sachs for his 2012 senate campaign?,"There is a controversy because Cruz's campaign acknowledges that he did not fully disclose the loan from Goldman Sachs, which is a requirement for financial transparency in political campaigns. This issue has been highlighted in a 'New York Times' story, raising questions about Cruz's compliance with financial reporting regulations."
What is the 'trump doctrine' in terms of foreign policy?,"The 'trump doctrine' in terms of foreign policy involves delegating responsibility for resolving international conflicts to other countries, such as China in the case of North Korea and Russia in the case of Syria, and questioning the United States' role as the 'policeman of the world'."
What measures are being taken to apprehend the three dangerous fugitives who escaped from the maximum security jail in Orange County?,"There are over 200 people deployed in the manhunt, with multi-agency involvement from the FBI, U.S. Marshals, local municipal police agencies, and deputy sheriffs. The primary focus is to locate and apprehend these individuals in custody, and an administrative review is being conducted to find out where policies and procedures fell short."
"What advice does Jennifer Lopez have for people when posting online, especially when it comes to pictures of other people's kids?","Jennifer Lopez believes that people should be more aware of what they should and shouldn't do online, especially with other people's pictures of their kids. She hopes that by sharing her story, she can help others be more mindful of their online behavior."
What measures are being taken in the US regarding the Zika virus and blood donation?,"The US is now reviewing its blood donation policy over fears of the Zika virus. Blood banks are soon going to stop accepting blood from people who have been in countries where the virus is spreading. Although the risk of the virus transmitting through a transfusion is low, there have been at least three confirmed cases of the virus in New York City, including a pregnant woman. The CDC has confirmed 30 cases of the virus in the United States."
How did a local high school student perform on a recent exam and what are his future plans?,"A local high school student earned the highest score on one of the most difficult tests, the Advanced Placement exam. The student earned every point possible, a rare feat. To achieve a perfect score, the student utilized a special skill set. He is now taking four new AP courses, including the next level of calculus, as he aspires to become a rocket scientist."
What is the significance of the grand jury investigating Planned Parenthood?,The grand jury's investigation of Planned Parenthood is significant because it is the first time a grand jury has investigated the organization.
What is the latest news on the terror attack at the university in Pakistan?,"Gunmen stormed a university in Pakistan, killing at least 20 students and one teacher. The attack was claimed by the Taliban, and all four gunmen were killed by Pakistani officials."
What was Leonardo DiCaprio's achievement mentioned in the news report?,"Leonardo DiCaprio was noted for his award-winning performance in the movie 'The Revenant' and a run-in with a certain star that had social media buzzing. His performance was highly appreciated, and the encounter he had became a popular topic on social media."
What do you think is the reason behind the success of faith-based films at the box office?,"Faith-based films resonate with audiences because they offer hope and encourage individuals to question their integrity, leading to personal growth and elevation."
What was the worst domestic problem that seemed almost unsolvable in 2015?,"The worst domestic problem that seemed almost unsolvable in 2015, according to the news report, was racial tension. This was due to the death of a black man in police custody in Baltimore and many other places, leading to many shocking cases and polls showing almost half of all Americans think race is a big problem."
Why is the discovery of the Roman shipwreck important for the local community in Sicily?,"The discovery of the Roman shipwreck is essential for the local community in Sicily since it highlights their rich historical and cultural heritage. It has the potential to boost tourism in the region, attracting visitors who are interested in learning about ancient civilizations. Additionally, the shipwreck can foster a sense of pride and identity among the local population, encouraging them to preserve and protect their cultural heritage for future generations."
How does Ted Cruz plan to address the national debt?,"Ted Cruz plans to address the national debt by repealing Obamacare, passing a simple flat tax, and promoting economic growth. He believes that these measures will reduce government spending, increase revenue, and stimulate the economy."
What is the current state of the NFL in terms of player safety?,"The NFL has implemented several rule changes in recent years to improve player safety, and concussions have decreased by 20%. However, some critics, including Donald Trump, believe that the game has become too soft and that players are not tackling as aggressively as they used to."
"What are the concerns raised by law enforcement officials regarding the search for the missing Tennessee toddler, Noah Chamberlain?","Law enforcement officials have expressed concerns that the cold and wet weather conditions, as well as the rugged terrain, are making it challenging for search dogs to pick up a scent and locate the missing toddler."
How does Ted Cruz differentiate himself from Donald Trump in terms of their faith?,Ted Cruz emphasizes his personal faith and consistent record on conservatism as key differentiators from Donald Trump. He became a Christian at a young age and believes it is an integral part of who he is. Cruz believes that Christians should not be ashamed of their faith and should speak the truth with a smile.
What is the name of the title track?,The name of the title track is not mentioned in the news.
What is the main focus of the news?,"The news focuses on the recent developments in the ongoing war between Russia and Ukraine, particularly the impact on civilians and the international response."
What is the significance of the recent hiring of a woman as a full-time assistant coach in the NFL?,"The hiring of Kathryn Smith as a full-time assistant coach by the Buffalo Bills marks a historic first for the NFL, as she becomes the first woman to hold such a position."
What are the potential risks associated with taking Farxiga?,"Farxiga can cause serious side effects, including dehydration, genital yeast infections in women and men, low blood sugar, kidney problems, and increased bad cholesterol."
What is the main issue that the anti-Trump super PAC Trump Card LLC is focusing on?,The main issue that the anti-Trump super PAC Trump Card LLC is focusing on is that Donald Trump does not represent the true values of the Republican party and is too close to Hillary Clinton on economic and fiscal conservative issues.
What special event is taking place in the morning and who are the notables attending?,A special event is taking place in the morning where James Worthy and Mayor Eric Garcetti will be checking out the work of volunteers. The event involves beautiful work being done by the volunteers throughout the morning.
What is the international response to the war?,The international community has condemned Russia's invasion and imposed sanctions on the country. Some countries have also provided military aid to Ukraine.
What is the current situation in Indonesia regarding ISIS recruitment?,"Indonesian police and government have been very aggressive in trying to find and root out ISIS recruits, but it's not always possible to get all of them because they're pretty good at keeping a low profile."
What are the new allegations of corruption in the tennis world and what is the response from the players and the investigative body?,"New allegations of corruption in the tennis world have surfaced regarding a mixed doubles match at the Australian Open where players have been approached by the body that investigates match fixing in tennis. Pinnacle sports reported an unusual spike causing the web site to suspend betting ahead of the match. However, all players identified in the newspapers have denied those allegations."
What are some of the benefits of using fitness apps?,Fitness apps can help people get in shape because they provide real-time results and keep users motivated.
What happened in Oregon that led to the death of one person?,"During a traffic stop, a group of armed protesters who had been occupying a wildlife refuge headquarters resisted arrest, resulting in a confrontation with law enforcement officers. One of the protesters, Lavoy Finnicum, was shot and killed."
What is the role of banana leaves in the roasted pork recipe at Border Grill?,Banana leaves have an amazing flavor and are used to slow roast the pork in the marinade at Border Grill. They also give an underground baking experience.
What is Sousa's approach to photographing the President?,"Sousa aims to document history and showcase the President's personality, capturing both serious matters and more personal moments, such as interactions with children and family."
What are the weather predictions for southern California?,"There is a beautiful day in southern California, and a change in the weather pattern is expected. Rain is coming to southern California, with a low latitude storm system causing it. The real weather situation is a shift in the jet stream pattern, bringing a lot of rain to the region."
How is Donald Trump using Bill Clinton's past against Hillary Clinton?,Donald Trump is using Bill Clinton's past transgressions against Hillary Clinton by bringing up allegations of sexual misconduct and implying that Hillary Clinton is a hypocrite for not speaking out against her husband's behavior. This is part of a larger strategy to create doubt and force Hillary Clinton to respond to uncomfortable questions.
What is the main ingredient in the chocolate peanut butter fudge cake that Gaskill makes?,The main ingredient in the chocolate peanut butter fudge cake that Gaskill makes is peanut butter.
What is the legal status of Ted Cruz's citizenship?,"Most legal scholars agree that Ted Cruz is a natural-born citizen, as the child of an American citizen born abroad."
What is the impact of the water crisis in Flint on local businesses?,"The water crisis in Flint has had a significant impact on local businesses, with sales down by as much as 40% and many customers asking for drinks without ice. Some businesses have even been forced to close early or put up signs reassuring customers that their water supply is safe."
What makes you hopeful about the future despite the ugliness of the data?,"Education has become the great equalizer, and the demographic shift towards a majority-minority population is a sign of progress. Additionally, the entrepreneurship spirit among young people is encouraging."
How did the U.S. and Iran resolve the situation?,"After a series of diplomatic efforts, Iran agreed to release the detained sailors promptly. This was a positive outcome, as some critics had feared that the sailors would be held for a long period of time."
Who are the four hostages that have been released from Iran and what is their current location?,"The four hostages are Jason, Ameer (a former US marine), Syed (a Christian pastor), and Mostollah. Jason, Ameer, and Syed are on a plane, while the whereabouts of Mostollah are still unclear. The plane is currently en route to Switzerland and will then proceed to Germany for medical treatment."
How did the news anchor manage to keep her pregnancy a secret while filming '30 Rock'?,"The news anchor managed to keep her pregnancy a secret while filming '30 Rock' by using a piece of blue tape on her bum. The camera was instructed to film above the blue tape line, and the blue tape was kept even after the scene where her character's pregnancy was revealed, to avoid going from 'Liz isn't pregnant' to 'Liz is really, really pregnant' suddenly."
Why was the Texas Christian quarterback arrested after 2:00 a.m. in San Antonio?,"The Texas Christian quarterback was arrested after 2:00 a.m. in San Antonio after getting into a fight in a bar. He was charged with assaulting a public servant, which is a third-degree felony, after striking a bicycle police officer."
What are the Ethics Committee's proposals for addressing allegations of rule-breaking by Sepp Blatter's number two at the Fed?,"The Ethics Committee is proposing a nine-year ban on the number two of Sepp Blatter at the Fed and a fine of $100,000, following allegations of rule-breaking."
What is the least popular Halloween candy in the U.S. this year?,"According to a new poll, the least popular Halloween candy in the U.S. this year is candy corn."
What unique feature of Charmin Skidz washcloth helps clean better than leading flat-textured bargain brand?,The unique feature of Charmin Skidz washcloth that helps clean better than leading flat-textured bargain brand is its washcloth-like texture.
What did Hillary Clinton face persistent questions about?,"Hillary Clinton faced persistent questions about the Benghazi attacks and the revelation that as Secretary of State, she used a private email server in her home to conduct government business."
"What is the opinion of President Obama on gun control in the US, as per his emotional speech?","In an emotional speech, President Obama announced he is taking executive action to tighten gun control in the US, as he is frustrated over the failure to act on gun control and it gets him mad every time he thinks about the young children that died in the New Town school shooting. He is using his presidential powers because Congress failed to act, and his critics say he is overstepping his authority and promise a challenge."
What are the potential consequences if the woman who assaulted the Uber driver was charged criminally?,"If charged criminally, she would face serious legal consequences, including potential jail time, fines, and a criminal record. The prosecution would likely argue that her intoxication does not excuse her actions and that she intended to cause harm to the driver and damage his property."
What is unique about Cottonelle's cleanripple texture?,"Cottonelle's cleanripple texture is designed to provide a superior cleaning experience. This texture is what makes the user feel clean enough to go commando, as it grabs more and ensures a thorough clean. The cleanripple texture is an essential feature of Cottonelle products, setting them apart from other brands in the market."
What did Donald Trump do to connect with evangelical students?,"In an attempt to connect with evangelical students, Donald Trump quoted from scripture, specifically from Second Corinthians 3:17."
Why did Glenn Beck endorse Ted Cruz?,"Glenn Beck endorsed Ted Cruz because he believes Cruz is a true conservative and shares his values, unlike Donald Trump, whom Beck considers a pathological narcissistic sociopath."
What is the role of the US in the Middle East conflict?,"The US has traditionally been an ally of Saudi Arabia, but the recent execution of the Shia cleric has raised questions about the US's continued support for the Saudi regime. The US is now facing pressure to take a more active role in resolving the conflict."
What is the alarming situation regarding prescription painkillers in the United States?,"About two million Americans are hooked on prescription painkillers, and in 2012, a staggering 259 million prescriptions were written, equating to one bottle for every American adult."
What is the current level of threat in France and Europe according to officials?,"Officials are concerned about copycat attacks, especially in France, where there are 10,500 individuals flagged by the authorities for extremism. The prime minister of Belgium has stated that Europe is dealing with an unprecedented threat. The threat level is high, not just in France but throughout Europe."
"Why is organization important in a caucus, and how does it affect the outcome?","Organization is critical in a caucus because it determines how well a candidate can mobilize their supporters and get them to the caucus sites. A strong organization can make a significant difference in the outcome, as it enables a candidate to identify and mobilize their supporters, ensuring they show up and participate in the caucus."
How did American Express help the cosmetics business?,"American Express helped the cosmetics business by providing short-term funding to buy building materials, which enabled the business to fulfill its orders and grow."
What are the main reasons for the lack of resources in education for children of color?,"The lack of resources in education for children of color is primarily due to a lack of political will to educate them. Additionally, there is a lack of funding and support for teachers who work with these students."
What is Kimberly's role in the plan and what is expected of her in the second half of the year?,Kimberly plays an important role in the plan and is expected to make a significant amount of money in the second half of the year. She is referred to as 'a piece' and is encouraged to 'show mama the money'.
What factors contribute to the disparity in educational opportunities for poor kids and kids of color?,"Decades of systemic inequality have resulted in less funding, fewer facilities, and lower quality education for poor kids and kids of color, hindering their chances of success."
"What stunt did Motley Crue drummer Tommy Lee perform during their final show, and what issue did he face?","Tommy Lee performed a roller coaster stunt while playing drums upside down during Motley Crue's final show. However, he got stuck when the contraption broke shortly after taking off. Luckily, he was only stuck for about a minute until his crew fixed the problem."
What is unique about Megared krill oil compared to fish oil?,"Unlike fish oil, Megared krill oil is easily absorbed by the body. This is because Megared krill oil differs from the omega-3s in fish oil."
What is the latest development in the FBI investigation into Hillary Clinton's emails?,"The FBI is reportedly close to a conclusion in its investigation, and the evidence against Clinton is said to be overwhelming."
How is the US economy performing and what are the contradictions in the data?,"The US economy is showing signs of strength in the jobs market, but retail sales are not as strong. This is because consumers are waiting for the benefits of lower oil prices to trickle down to them. Additionally, the data may not be capturing the shift in spending towards services and experiences."
Why is the new AI tool important for healthcare providers?,"The new AI tool is important for healthcare providers because it offers a more precise and timely method for identifying patients at risk of heart attacks. By analyzing large volumes of data quickly and accurately, the tool can help healthcare providers make informed decisions about patient care, leading to better outcomes and potentially saving lives. Additionally, the tool can reduce the burden on healthcare providers by automating the risk assessment process, freeing up time and resources for other critical tasks."
What did President Obama argue for during the town hall on gun safety?,"President Obama argued for increased background checks during the town hall on gun safety, but not for a national gun registry. He mentioned that the way it is described, it seems like they are trying to take away everyone's guns, but he clarified that this is a mischaracterization of their position."
What is the current status of the mountain lions population in the Santa Monica Mountains?,"There is some positive news about the mountain lions in the Santa Monica Mountains. Two new cubs have been discovered, and biologists have been closely monitoring their roaming area, which has been limited by freeways. Like their mother, the cubs have been outfitted with tracking devices."
What impact did the earthquake have on the Banning area?,"The earthquake caused some nerves to rattle, with workers and customers scattering in different directions. Fortunately, there were no reports of any major damage, just bottles falling at some local stores."
What significant event has happened in the world of music?,Grammy-winning singer Natalie Cole has died at the age of 65 due to complications from ongoing health issues. She was known for her 1991 album 'Unforgettable with Love' where she paid tribute to her father by reworking his best-known songs.
What is the expected punishment for Enrique Marquez if he is convicted of providing assault weapons to the terrorists who committed the attack in San Bernardino?,"If Enrique Marquez is convicted, he could be sentenced up to 50 years in prison for providing material support to terrorists and making false statements."
What is the weather forecast for the upcoming week?,"The weather forecast for the upcoming week in Southern California is mostly sunny, with temperatures well above average. There is a chance of rain in Northern California by Friday, but it is not expected to be a major storm."
What significant event is going to happen to the Sixth Street Bridge in two weeks?,"The Sixth Street Bridge, built in 1932 and featured in Hollywood films including 'Terminator 2', is about to undergo a historic transformation. It has been suffering from concrete cancer and will be demolished to make way for a new bridge that will be safer in an earthquake, have expanded pedestrian and bicycle lanes, and even a soccer field underneath. The 101 freeway through downtown will be shut down for 40 hours during the demolition."
How often do major earthquakes occur in the Cascadia subduction zone?,"Major earthquakes in the Cascadia subduction zone occur on average every 240 years. The last major earthquake in the region was 315 years ago, indicating that the 'big one' is overdue."
How did the movie's production impact the director's perspective on environmental issues?,"The director witnessed firsthand the environmental destruction caused by activities like the Canadian tar sands, leading them to realize the unprecedented scale of human impact on the planet."
What are some of the reasons why some people believe that Avery is innocent of the murder?,"Some people believe that Avery is innocent because they believe that the evidence against him was planted by the police, and because they believe that he was framed due to a lawsuit he had filed against the county."
"How does the latest Iowa poll reflect the standing of Donald Trump, Ted Cruz, and Marco Rubio?","According to the latest NBC/'Wall Street Journal' Marist poll, Donald Trump is leading with an 8-point advantage, while Ted Cruz has dropped 3 points. Marco Rubio, on the other hand, has gained 5 points since early January. The RCP average of polls shows a more significant spread between Trump, Cruz, and Rubio."
Why is the classification of documents considered a subject of debate?,"The classification of documents is a subject of debate because there is no rational approach to it, according to John Bolton, a former conservative in the Bush White House and ambassador to the United Nations."
What is the main focus of the news?,"The news focuses on the recent developments in the ongoing war between Russia and Ukraine, particularly the ongoing fighting in the eastern Ukrainian city of Bakhmut."
What is the current jackpot amount for the Powerball lottery?,"The Powerball jackpot has grown to over 500 million dollars, making it one of the largest jackpots in history."
What is the main focus of President Obama's gun control reform plan?,"President Obama's gun control reform plan focuses on expanding background checks and closing the so-called no-fly, no-buy loophole, which allows people on terrorist watch lists or no-fly lists to purchase guns."
Why does a survivor of rape and a mother of two small children support the ability to purchase a firearm of her choosing?,"The survivor of rape sees owning a firearm as a responsibility and a right, and believes that being able to carry a weapon will help her protect herself and her children and keep them safe from harm."
What is the premise of the show 'Ex Isle' on WE TV?,"The show 'Ex Isle' on WE TV is about couples who are trying to get over their breakups and move on to find new love, but they struggle to break the bond with their exes and often end up hooking up with other exes, leading to drama and emotional ups and downs."
What mistake did the Obama administration make regarding funding for black colleges?,The Obama administration initially planned to move the $850 million that had been set aside for black colleges under the Bush administration. This move was seen as a lack of support for these institutions and sent a negative tone to other potential supporters.
"What is the latest news about the upcoming movie ""Top Gun 2""?","The screenplay for ""Top Gun 2"" is currently being written, and the team has revealed that this installment will mirror today's changing world for fighter pilots, including advanced drone technology."
What is the goal of the day off diet?,"The goal of the day off diet is to help people lose weight and improve their overall health by incorporating nutrient-rich snacks into their diet. These snacks are designed to satisfy hunger and reduce cravings, making it easier to stick to a healthy eating plan."
"What is the significance of Camille Cosby's testimony in the defamation case against her husband, Bill Cosby?","Camille Cosby's testimony could potentially be used against her husband in the criminal case against him, as she was his business manager and may have knowledge of relevant information."
What are the reasons Donald Trump believes he will be able to strike deals with Nancy Pelosi and Chuck Schumer?,"Trump believes that he will be able to work with Nancy Pelosi and Chuck Schumer because he has always had good relationships with them. He mentioned that he has never had a problem with Pelosi and that he has had a decent relationship with Reid, even though they have not been dealing with each other recently. Trump also mentioned that he was close to Schumer in many ways and that it is important to get along with politicians in order to get things done."
What makes France an attractive hub for the technology industry?,"France has one of the highest labor productivity rates in the European Union, despite having a 35-hour work week. Additionally, France is home to a large number of start-ups, with nearly one-third of the start-ups at a recent technology show in Las Vegas being French."
"What is the question that Carson has been asking about who complains more when they get sick, men or women?","The question that Carson has been asking is who complains more when they get sick, men or women. According to a study by Johns Hopkins University, when it comes to the flu, scientists have found that the flu hits men harder because estrogen in women protects them from the more aggressive symptoms of the flu."
Why did the State Department refuse to release 22 emails from Hillary Clinton's private server?,The State Department refused to release the emails because they were upgraded to the top-secret level at the recommendation of the intelligence community.
What is the final lever of presidential power that the speaker mentions?,"The final lever of presidential power is legislation, which is more complicated and takes time."
What are some of the challenges associated with owning a dog?,"Owning a dog can be a rewarding experience, but it also comes with certain challenges. Dogs require regular care, including feeding, grooming, and exercise. They may also need training to learn basic commands and socialization skills. Additionally, dogs can be expensive to own, as they require veterinary care, food, and other supplies."
What has been the role of the Washington Post during the detention of their reporter?,"The Washington Post has been actively lobbying for the release of their reporter, Jason, who was detained in Teheran 18 months ago. They have been updated about his condition and how he has been doing, but they haven't seen any photos of him since his detention. The post is now looking forward to seeing Jason and the other men as they arrive from Switzerland."
What is the international response to the war?,The international community has condemned the Russian invasion and imposed sanctions on Russia. Some countries have also provided military and humanitarian aid to Ukraine.
Why did Governor Branstad of Iowa come out against Ted Cruz?,"Governor Branstad of Iowa came out against Ted Cruz because of Cruz's position on ethanol subsidies. The ethanol lobbyists were initially supportive of Cruz, but they have since turned against him, claiming that he has caved on ethanol. Branstad's endorsement of anyone but Cruz is a sign that the big guns are coming out against Cruz and that they see him as a threat."
What are some of the solutions that have been proposed to address these challenges?,"Some of the solutions that have been proposed to address these challenges include increasing funding for education, providing job training and placement programs, and implementing policies to promote equal opportunity in hiring and promotion."
What are the symptoms of postpartum depression?,The symptoms of postpartum depression include poor self-esteem and anxiety.
What are the implications of the Tel Aviv shooting if it turns out to be a terrorist attack?,"If the Tel Aviv shooting is confirmed to be a terrorist attack, the implications could be significant. It could heighten tensions between Israel and Palestine, and raise concerns about the potential for further attacks inspired by ISIS or other extremist groups."
Why was there disappointment expressed about the Oscars this year?,"There was disappointment expressed about the Oscars this year because many felt that there was a lack of diversity in the acting categories and Best Picture. Despite the fact that there were films that represented different groups of people, they were not recognized at the awards ceremony. For example, some were upset that 'Straight Outta Compton' was mostly ignored, receiving only one nomination for screenplay for two Caucasian writers."
What does the expert think about the chances of Chancellor Merkel's refugee policies?,"The expert does not believe that the success of Chancellor Merkel's refugee policies is the main issue. Instead, he argues that the war in Syria is the driving force behind the refugee crisis and that, unless the situation in Syria changes, it will be difficult to change the refugee policy in Europe or Germany. He also suggests that the rest of Europe should not blame Germany's chancellor for the crisis."
What happened to the breakfast croissant that was attacked by a bear?,One of the breakfast croissants was devoured by the bear in a single swipe.
Who is the group claiming responsibility for the attack in Indonesia?,The group claiming responsibility for the attack in Indonesia is a battalion of Southeast Asians within ISIS who have been successful in attacking Kurdish targets and are trying to drive other recruits to their cause.
Can you describe the scene of the final moments before El Chapo's capture?,"The final moments before El Chapo's capture were captured on tape and show the Mexican marines storming the safe house. The marines can be seen engaging in a gun battle with El Chapo's men, resulting in several injuries and the death of one of the marines. The safe house was riddled with bullet holes and there was evidence of a massive gun battle inside. El Chapo's secret passageway and tunnel were also discovered in the raid."
What did the polls say about Trump winning the debate?,"According to the speaker, the only poll that says Trump won the debate is the one conducted by him. He didn't win any debates, and there's no measurement to say that he won any debates but him. The speaker thinks that Trump registered well in one debate, but there's no fair way to measure it."
What is the current situation in Philadelphia in terms of snowfall and wind conditions?,"Philadelphia has received 15 inches of snow in the last 24 hours, with another 15 expected. The wind is particularly strong, with gusts reaching up to 40 miles per hour. The snow is heavy and wet, making it difficult to shovel."
"How has lead poisoning affected the children of Flint, Michigan?","Lead poisoning has had a devastating impact on the children of Flint, Michigan. It can affect people very differently, even twins. Symptoms can show up now or years from now, making it difficult to diagnose and treat."
What did President Obama's dogs do in the snow?,"President Obama's dogs, Bo and Sunny, had a blast playing in the snow at the White House."
What is the expected cresting time for Cape Gerardo and Kay Row?,"Cape Gerardo is not expected to crest until January 3rd, while Kay Row is expected to crest on January 4th."
What is the significance of the gun show loophole?,"The gun show loophole is a provision in federal law that allows people to buy guns at gun shows without a background check. This loophole is a major concern for gun control advocates, who argue that it makes it too easy for criminals and people with mental illness to obtain guns."
What are the key factors driving the current trend in the global economy?,"The global economy is currently undergoing a significant shift, moving away from a reliance on fossil fuels and towards a more sustainable model. This transition is being driven by a number of factors, including the increasing cost of oil, the growing availability of renewable energy sources, and the increasing awareness of the environmental impact of fossil fuel consumption."
Have there been any downsides to Teresa and her mother being reunited?,"Teresa and her mother can't think of any downsides to being reunited, other than that it didn't happen sooner."
What is the current status of the Americans released from Iran in a prisoner swap?,"Three Americans have been released by Iran in a prisoner swap and are being checked out at a U.S. military hospital in Germany. Another American has chosen to stay behind in Iran, and former FBI agent Robert Levinson, who vanished on an unauthorized mission by the CIA, is not included in the swap. His whereabouts remain unknown."
Why did Chelsea Handler leave her previous network?,"Chelsea Handler left her previous network because she wanted to be proud of herself as a person, and she is now returning with a new show on Netflix."
What are the potential consequences for the Clinton campaign if they lose the early primaries in Iowa and New Hampshire?,"Losing the early primaries in Iowa and New Hampshire could have significant consequences for the Clinton campaign. The 2016 election has been an unconventional campaign year that favors outsiders and authentic candidates, which plays into Bernie Sanders' strengths. If Clinton loses one or both of these states, she may face a negative wave or even a tidal wave of support for Sanders. Although Clinton is expected to regain her footing in southern states like South Carolina and Nevada, losing the early primaries could create a challenging and frustrating situation for her campaign."
"What is the goal of the training drill that officers participated in, and why does it take on new meaning after the San Bernardino terror attack?","The goal of the training drill is to prepare police and fire departments for potential terror attacks, and it takes on new meaning after the San Bernardino terror attack as it highlights the importance of law enforcement agencies' response in such situations. The training exercise was coordinated by multiple agencies over 18 months and includes new exercises for students and staff to be prepared for potential threats."
What is the latest update on the ISIS propaganda video?,"ISIS has released a propaganda video showing the terrorists behind the Paris attacks. The video includes gruesome images, including beheadings in ISIS-controlled territory."
What is the significance of the demographic shift mentioned?,"For the first time, the country has become majority-minority, which is a sign of progress. It is not necessarily education but the entrepreneurship that is coming from many young people that is promising."
"What is the occasion for the reunion of supermodels Claudia Schiffer, Naomi Campbell, and Cindy Crawford?","The supermodels are reuniting for a spring-summer campaign, and they're featured as the new faces of the campaign, looking 'sexy, fierce, and fabulous' in their 40s."
What are the allegations against the two men living in the United States as refugees?,"The two men living in the United States as refugees are accused of lying about their alleged ties to terrorism. One of them, a 24-year-old in Houston, is charged with trying to help ISIS, while the other, a 23-year-old in Sacramento, allegedly posted about fighting with terrorists in Syria."
What are the plans of 2016 presidential candidate Carly Fiorina for the beginning of the new year?,"Carly Fiorina is looking forward to getting back on the campaign trail in 2016, starting with visits to New Hampshire and Iowa. She plans to talk to voters on the ground and enjoy being back on the trail after spending the holidays with her family and friends."
What is the significance of the gas prices briefly dropping to 47 cents a gallon in Michigan?,"The brief drop in gas prices to 47 cents a gallon in Michigan was likely a temporary error or glitch, as prices quickly returned to normal levels around $1.50 per gallon."
What is the current situation of 'The Blacklist' star Megan Boone in her personal life?,Megan Boone is currently pregnant and engaged to her boyfriend Dan Estabrook.
What is the process of extraditing El Chapo to the United States?,"The United States would submit a detailed extradition request to the Mexican government. The Mexican courts would ultimately decide whether or not to send Guzman back to the United States. If El Chapo is brought to the United States, he would be held in a super max prison, as he is considered a high-risk prisoner. The marshal service in the United States is well-versed in taking care of high-risk prisoners."
Where is Lucy Hale from?,"Lucy Hale is from Memphis, Tennessee."
Was there any apology made by the US government or the sailors themselves?,"There was no official apology from the US government, but Iranian state television aired a video of one of the sailors apologizing for the incident. However, US officials believe that the apology was made under duress."
What weather conditions were experienced in Hawaii and the west coast of the United States?,"In Hawaii, high wave advisories and warnings were issued due to a series of storms that moved through the north of the islands. On the west coast, a shot of rain was experienced, with heavy rain at times in northern California, Oregon, Nevada, and potentially severe weather on Tuesday. Additionally, 1-3 feet of snow was possible in the Cascades over the next three to four days, with the potential for the storm to move through the Rocky Mountains."
How did the team of researchers locate the sunken ship?,"The team of researchers located the sunken ship using advanced technology, including side-scan sonar and remotely operated underwater vehicles (ROVs). These tools allowed the researchers to scan and map the seafloor efficiently. By analyzing the data collected from these devices, the researchers identified the anomaly that turned out to be the well-preserved Roman ship."
What is the current public reaction to the Steven Avery case and the 'Making a Murderer' documentary?,"The Steven Avery case and the 'Making a Murderer' documentary have captivated the nation, with millions of Americans dissecting and debating the bizarre story. The documentary has sparked a frenzy of conspiracy theories and outrage, both among those who think Avery was wrongly convicted or framed, and those who think the documentary is misleading."
What is the main argument against stricter gun laws?,The main argument against stricter gun laws is that many mass shootings involve guns that were purchased legally with background checks.
What specific actions is the Academy of Motion Picture Arts and Sciences taking to address diversity?,"The Academy has announced initiatives to double the number of Oscar voters who are women and minorities by 2020. Additionally, they are implementing limits on the voting privileges of inactive members to ensure that those involved in filmmaking have a greater say."
What peculiar disguise was used for a recent drug shipment?,"Authorities near the Texas/Mexico border intercepted a shipment of over a ton of marijuana that had been cleverly disguised to resemble carrots, leading to speculation about Bugs Bunny's potential involvement."
What is the second breaking news story you are following?,"The second breaking news story is an accident on I-71 southbound past I-90. A vehicle flipped onto its side, blocking all lanes of the highway. The highway was shut down for a while, but it has since been reopened. There is no word on any injuries at this time."
How was the prisoner swap between the US and Iran negotiated?,"The prisoner swap was negotiated alongside the nuclear deal between the US, Iran, and five other powers. President Obama revealed that separate meetings were held during the nuclear negotiations to discuss the prisoner issue. After the nuclear deal was reached in July, the pace of these meetings accelerated, indicating that the prisoner swap was a continuous topic of discussion throughout the nuclear negotiations."
What are the potential consequences of Russia gaining control of Bakhmut?,"If Russia were to gain control of Bakhmut, it would be a significant strategic victory for Moscow, giving them control of a key transportation hub and opening up the possibility of further advances in the eastern Donbas region. It would also be a major blow to Ukrainian morale and could potentially lead to further escalation of the conflict."
When will the show return?,"The show will return on January 1, 2023."
Who seems to have the more effective ground game in Iowa between Ted Cruz and Donald Trump?,"According to the source, Ted Cruz has the more effective ground game in Iowa. His campaign is running a traditional caucus operation with hundreds of people living in 'Camp Cruz', effective field operations, door-to-door programs, and call centers. On the other hand, Donald Trump is betting on his celebrity status to get people to turn out, without much ground game."
What is the view of the woman who used to run the internal affairs of Hong Kong regarding China's handling of its affairs?,"The woman who used to run the internal affairs of Hong Kong believes that Hong Kong is still a prosperous place, but she is concerned about the freedoms that underpin its disparity being in peril. She thinks that it is not right for foreign countries to interfere in China's internal business."
What is the weather forecast for Santa Monica today?,"Santa Monica can expect overcast skies with potential light rain or drizzle throughout the day. The rain is expected to be very light, with accumulations of a quarter inch to half an inch possible."
Is there a possibility of a new candidate joining the presidential race?,"Yes, there is a possibility of former New York City Mayor Michael Bloomberg joining the presidential race as an independent candidate."
How is the supreme leader of Iran portraying Saudi Arabia in the wake of the execution?,"The supreme leader of Iran is portraying Saudi Arabia as another arm of ISIS. He has released a tweet that shows ISIS and ISIS, implying that Saudi Arabia is one of the two sides of ISIS."
What is the current situation on the ground?,"The Russian forces have captured the city of Kherson, while the Ukrainian forces are putting up a strong resistance in other parts of the country."
What is the significance of Donald Trump's absence from the last Republican debate before the Iowa caucus?,"Trump's absence from the debate is a gamble that could potentially benefit him by preventing him from losing traction. However, it also means that the debate could become a slugfest between Marco Rubio and Ted Cruz, which could ultimately benefit Trump if he is seen as the leader of the pack."
"Who is Kim, and what is her relationship to Steven Avery?","Kim is Steven Avery's cousin, and she has always maintained his innocence. She believes that the police framed him for the murder of Teresa Halbach."
What is the current state of the Republican race?,"According to a recent poll, Donald Trump has a significant lead over Ted Cruz in the Republican race, with Marco Rubio trailing behind in third place."
What is Oprah Winfrey's approach to weight loss?,"Oprah Winfrey has had a long and public journey with weight loss. She has tried various diets and exercise programs over the years, but has found the most success with Weight Watchers. She credits the program with giving her the tools and accountability she needs to make lasting changes to her lifestyle."
What does Teresa feel when she listens to her mother talk about her birth?,Teresa feels sad when she listens to her mother talk about her birth because she had to suffer.
Why do Americans support Donald Trump's stance on immigration?,"Americans support Donald Trump's stance on immigration because they believe that Americans are being outvoted by foreigners and that the media and elected Republicans and Democrats have tried to push amnesty through multiple times, but the American people have risen up in rage each time."
"How did the Denver Broncos manage to defeat the defending Super Bowl champions, the New England Patriots?","The Denver Broncos defeated the New England Patriots by capitalizing on two interceptions thrown by Tom Brady, including one in the end zone with just 17 seconds remaining on the clock, resulting in a touchdown pass to Rob Gronkowski."
What was the response of the speaker when people gave credit to Steve Harvey for the mix-up on purpose?,"The speaker disagreed with the notion that Steve Harvey made the mix-up on purpose. She believed it was a human error and that he corrected it right away, showing graciousness and respect."
What are the potential economic benefits for Iran as a result of the nuclear deal negotiated with the United States and other global partners?,"The lifting of economic sanctions against Iran could lead to a multibillion-dollar windfall for the country. Iran will have access to $150 billion in frozen assets, be able to sell its oil and gas on the international markets, and attract foreign investment."
"What is the stance of European countries on the migration crisis, and how is it being addressed at the World Economic Forum?","At the World Economic Forum, the migration crisis is a dominant topic. European countries have different approaches to handling the situation. Germany's president stated that limiting the number of migrants coming to a country is not unethical. Austria has capped the number of migrants it will allow. Serbia, which is not an EU member, has expressed willingness to carry a quota system to distribute migrants among European countries, provided that other countries, like Poland and Hungary, handle their share and there is a common approach to managing the crisis."
What is the significance of the recent discovery of water on the moon?,"The discovery of water on the moon is significant because it could potentially support human life during future space expeditions. Water can be split into hydrogen and oxygen, which can be used for fuel and life support systems. This discovery also raises the possibility of the moon serving as a refueling station for spacecraft traveling further into the solar system."
What is the significance of Jesse Jackson Jr.'s proposed legislation?,"Jesse Jackson Jr.'s legislation aimed to guarantee every child in the country access to an equal and high-quality education, recognizing the importance of education as a key factor in addressing social and economic disparities."
What is the major concern regarding the gas leak in Porter Ranch and when will it be addressed?,"The major concern regarding the gas leak in Porter Ranch is the high levels of methane, which are more than 60 times higher than normal. Scientists have also measured alarming amounts of methane going into the air. Although the California Department of Conservation proposed a solution, it still needs to be approved and won't go into effect until mid-February."
What did Donald Trump say in his speech at Liberty University?,Donald Trump said that he loves the bible and that it is second only to 'The Art of the Deal'.
Why is Planned Parenthood not facing charges in this case?,"Planned Parenthood is not facing charges because they have maintained that they did not do anything illegal. The law allows for the purchase of fetal tissue for research if it is not done for profit, which Planned Parenthood claims they did not do."
What is the most recent update on the storm in Los Angeles?,"There is a break in the rain in Universal City, but more rain is expected in Ventura County and south of Santa Clarita. A new waterspout has been spotted off the coast of Manhattan Beach, and there is a possibility of isolated weak tornadoes."
What evidence does the prosecution have against Dippolito?,"The prosecution has a video recording of Dippolito hiring a hitman to kill her husband. She also gave the hitman $1,200 to buy a gun."
"What is the most dangerous stunt ever filmed, according to Jeb Corliss?","Corliss believes that wing suit proximity flying, as featured in ""Point Break,"" is the most dangerous stunt ever captured on film."
What is the context of Ellen DeGeneres being on a boat with Harry Styles and Kendall Jenner?,"Ellen DeGeneres was on a boat with Harry Styles and Kendall Jenner, likely because they were all attending a party or event together. Ellen, being a pleaser, went over to say hi and socialize with them."
"What does the new employee, Caroline Channing, do on her first day at the new job?","On her first day, Caroline Channing prints out her address, social security number, and other important information to make the employer's life easier. She also asks where the bathroom is and introduces herself as temp number two."
"What is the sequence of events that led to the death of Cooper Harris, and what charges have been filed against Justin Ross Harris?","Justin Ross Harris, Cooper's father, took his 22-month-old son to the daycare on most days, but on the day of the incident, he strapped Cooper into his car seat, drove less than a mile to his workplace, and left the toddler in the rear-facing car seat in the back in the blazing sun. He returned at lunchtime, opened the driver's side door, placed something inside, closed the door, and walked off. The temperature inside the SUV potentially exceeded 130 degrees, and Cooper was likely already dead. Harris returned to the SUV at the end of the workday, started to drive home, and seven minutes later, two miles down the road, he screeched into a parking lot, pulled his child out, laid him on the concrete, and tried to resuscitate him, but Cooper was dead. Harris has been charged with cruelty to a child and felony murder."
Why was a crossing guard in New Jersey suspended?,"A crossing guard in New Jersey was suspended for insubordination after she texted the mayor to get snow off the sidewalk. She admitted to breaking the chain of command, but stated that she was trying to keep other people's children safe. The local police department said that police are required to follow specific procedures when they report a problem."
What is the significance of the upcoming Iowa caucuses?,The Iowa caucuses are important because they are the first major contest in the Republican presidential primary. A strong performance in Iowa can give a candidate momentum and help them attract more support in subsequent contests.
What is Chris Mortensen's current situation and his connection to the South Bay?,"ESPN senior NFL analyst Chris Mortensen, a Torrance native and former employee of the Daily Breeze in the South Bay, has announced that he is battling throat cancer, stage four. He will take a leave of absence from ESPN as he begins treatment for the cancer."
"What is the significance of the high lead levels found in the Walters' house in Flint, Michigan?","The high lead levels found in the Walters' house, which were 13,000 parts per billion, suggest why the water crisis in Flint is so deeply troubling for families. This level is significantly higher than the 5 parts per billion that would be cause for concern and the 5,000 parts per billion that would be considered toxic waste."
What is the developing news in the San Fernando area and what information is currently known?,"In San Fernando, an ex-boyfriend's jealous rage reportedly resulted in the murders of a man and woman in the Winnetka area. The police are searching for the suspect, with neighbors providing assistance in the investigation."
What are the current updates on the U.S. Secretary of State John Kerry's meeting with his Iranian counterpart?,"U.S. Secretary of State John Kerry is scheduled to meet his Iranian counterpart as a sign that the sanctions on Tehran are about to be lifted, indicating a potential thaw in U.S.-Iran relations."
"What kind of movie is ""Under the Shadow""?","""Under the Shadow"" is a psychological thriller with some horror elements."
What is the gun show loophole?,The gun show loophole refers to the fact that people can sell guns at gun shows without having to conduct background checks on buyers.
What is the main reason for the condemnation of Iran by US officials?,"The main reason for the condemnation of Iran by US officials is the incident where Iranian forces forced ten American sailors to kneel and apologize on camera, which is considered a violation of the Geneva Conventions."
What is the main concern raised by the residents of the neighborhood?,"The residents are concerned about the negative impact the proposed development will have on their quality of life, particularly in terms of increased traffic, noise, and pollution."
What is the story behind Steven Avery's conviction and his current charge?,"Steven Avery was wrongfully convicted of rape and served 18 years in prison. He was exonerated by DNA evidence in 2003. However, two years later, just as he was in the middle of a multi-million dollar lawsuit against the authorities who put him away, he was charged with the murder of Teresa Halbach, a young photographer who had come to the Avery family scrap yard to take pictures of a vehicle he was selling."
What are some possible solutions to the rising cost of housing?,"The article suggests several solutions, such as increasing the supply of housing, providing financial assistance to first-time homebuyers, and implementing rent control measures."
What did Donald Trump say about Senator Ted Cruz's eligibility to serve as president of the United States?,"Donald Trump said that Senator Ted Cruz needs to resolve the issue of his eligibility to serve as president of the United States as soon as possible. He said that Cruz should go to a federal judge and make sure he's legally eligible to serve as president of the United States, according to the requirements of the United States Constitution. Trump said that Cruz should do this quickly and resolve the issue."
"How did Ken Jeong get involved in the movie ""Ride Along 2""?","Ken Jeong was invited to be a part of ""Ride Along 2"" by Ice Cube, who had previously worked with him on the TV show ""Community"". Ice Cube reached out to Jeong and offered him a role in the movie, which Jeong gratefully accepted."
Why does the speaker suggest that promises made by the government should not always be believed?,"The speaker suggests that promises made by the government should not always be believed because, according to them, Americans have learned during the Obama administration that the government only wants to do certain things, and not all of those promises come to fruition. They use the example of scientific research, stating that even if government spending on research has decreased, the level of research has remained the same or even increased in some years."
What exactly were the allegations made against Planned Parenthood?,"According to the initial videos, Planned Parenthood was accused of misusing or selling fetal tissue, which is illegal."
Why is there little confidence that Iran will adhere to the agreement?,There is little confidence that Iran will adhere to the agreement because of their past record of breaking deals and the fact that they have been able to establish their missile capabilities through illicit means despite the sanctions. This suggests that they may not follow the rules and that strict vigilance is required.
"Why did Sarah Palin endorse Donald Trump over Ted Cruz, who is arguably more conservative?","Palin's endorsement of Trump over Cruz was likely based on a combination of factors, including their similar anti-establishment fervor and celebrity status. Palin has spoken warmly of both Cruz and Trump, but she may have felt a stronger connection with Trump's personality and gravitas."
Were there any injuries or fatalities as a result of the incident?,The provided information does not mention any injuries or fatalities resulting from the incident.
What was the reason behind Teresa's belief that her mother didn't want her?,Teresa believed that her mother didn't want her because it was easier for her to accept the idea that she wasn't good enough. Facing the possibility that her mother might be looking for her was too painful for her to bear.
What does Chris Pratt do every taping of his wife's show?,"Chris Pratt sends flowers and a card to his wife, Anna Faris, every taping of her show. The card usually reads, 'to mrs. pratt, i love you more each day.' This has been their tradition for over a year."
What are the potential consequences of a magnitude 9.0 earthquake and tsunami in the Pacific Northwest?,"A magnitude 9.0 earthquake and tsunami in the Pacific Northwest could have devastating consequences. FEMA estimates that at least 10,000 people could be killed by the tsunami alone. Collapsed roads and bridges could cut off coastal towns and major cities like Portland, Olympia, and Seattle, potentially stranding seven million people."
What was the outcome of the Super Lotto drawing and where was the winning ticket sold?,"A winning Super Lotto ticket worth $7 million was sold in southern California. The ticket matched all six numbers plus the Mega number. The smoke shop that sold the ticket will receive $35,000 for selling the winning ticket. The winner should sign the back of the ticket, keep it safe, and visit one of the California Lottery locations to claim their prize."
Who does the host of American Idol think is the biggest star who came out of the show?,"The host of American Idol believes that Carrie Underwood is the biggest star who came out of the show. However, he mentions that Kelly Clarkson is also a huge star."
What is the new project that Megan Boone is working on and when is it set to air?,Megan Boone is working on 'Kimmy Schmit' which is set to officially air on April 15th on Netflix.
What happened in Montebello?,"In Montebello, police rescued a small dog that had been thrown away in a dumpster. The dog was taken to a shelter and is now available for adoption."
What is the significance of the series' title?,"The title 'The People versus O.J. Simpson: American Crime Story' highlights the central conflict of the trial, which was between the prosecution (representing the people) and O.J. Simpson (the defendant). It also suggests that the trial was a significant event in American history, capturing the attention and fascination of the nation."
What does it mean when a restaurant offers a special?,"Damon Cornhauser explains that these days, a special is an opportunity for a chef to try out something new that might end up on the menu, or for a sous chef to experiment and impress the chef. It could also be something rare and cool that isn't on the menu, allowing the chef to play with it."
"What is the significance of the phrase ""In God We Trust"" in the context of American history and culture?","The phrase ""In God We Trust"" was adopted as the official motto of the United States in 1956. It has been used on coins and currency since the 1860s and is seen as a reflection of the nation's religious heritage and values."
What is the latest update on Leah Still's cancer battle?,"Leah Still, the 5-year-old daughter of Cincinnati Bengals lineman Devon Still, has been declared cancer-free after a year and a half long battle with neuroblastoma. She has undergone 41 days of chemotherapy, 40 days of antibody therapy, 19 days of radiation, and a seven-hour surgery."
What is the name of the dance school that Gary Busey is teaching at?,The dance school that Gary Busey is teaching at is called the Gary Busey School for Dance.
What evidence suggests that Teresa Halbach's body may have been burned behind Avery's house?,"A witness testified to seeing a large bone fire behind Avery's house around the time of Halbach's disappearance, and fragments of her jeans were found near the burn pit, potentially indicating that she was burned there."
What service is Nanny Jo offering to help families with and what makes it special?,"Nanny Jo is offering a mobile office service that will drop into town squares and communities to provide free clinic-like, pro bono work. This public service aims to help families with various issues, and the unique aspect is that it emphasizes compassion, communication, and compromise for everyone involved. Nanny Jo's approach encourages making time for conversations to identify issues, understand everyone's feelings, and respect their situations. The goal is to resolve conflicts and address controversial subjects in a collaborative and empathetic manner."
"What is the main issue in Flint, Michigan and Sebring, Ohio?","The main issue in Flint, Michigan and Sebring, Ohio is lead contamination in the tap water. Lawmakers are demanding answers as to why the Ohio EPA did not disclose the lead leakage earlier, and two senators have proposed a $600 million plan to address the issue."
What are the effects of e-cigarettes on human cells?,"Studies have shown that exposing human cells to the vapor from popular e-cigarette brands can cause DNA damage and increase the likelihood of cell death. Even nicotine-free vapor has been found to alter cells, highlighting the need for further research on the long-term effects of e-cigarette use."
What is the main component of the day off diet?,The main component of the day off diet is adding snacks to your diet that are rich in monounsaturated fats (MUFAs).
How does Aducanumab work?,"Aducanumab is a monoclonal antibody that targets amyloid beta plaques, which are a hallmark of Alzheimer's disease. By binding to these plaques, Aducanumab helps to clear them from the brain, potentially slowing the progression of the disease."
What are the demographic characteristics of Trump's supporters?,"Trump's supporters are evenly split between men and women, and they are overwhelmingly white. Many are frustrated with the first ever black president, and many say they are afraid that minorities and immigrants are pushing them aside."
What are the three things Amy Schumer looks for in a guy?,"According to Amy Schumer, the three things a guy must have for her are: he has to be funny, he has to be nice, and he has to have a normal relationship with his mother."
What new information has emerged in the investigation into the suicide of Fox Lake police officer Joe Gliniewicz?,"Newly obtained documents reveal that at least one officer questioned the circumstances of the crime scene from the moment Gliniewicz's body was found, raising concerns about the validity of the purported suicide."
"What is the significance of the attack at a tourist site in Istanbul, Turkey?","The attack at a tourist site in Istanbul, Turkey, is significant because it was carried out by a member of the terrorist group ISIS and resulted in the deaths of foreigners, including nine Germans. This attack is part of ISIS's strategy to make itself heard and create havoc in the world. It specifically targets foreigners and Europeans, including Americans, in order to create fear and instability. The attack also has the potential to negatively impact Turkey's tourism industry, which relies heavily on foreign visitors."
What did Jennifer Lawrence say about her BFF Amy Schumer?,"Jennifer Lawrence mentioned that she expected her best friend and fellow actress, Amy Schumer, to be at the event."
What was the outcome of the surgery?,"The surgery was successful in removing the tumor, but Brennan experienced some complications afterwards. He had to undergo additional surgeries to repair the damage caused by the tumor and the surgery. However, Brennan's recovery was slow and he had to spend several months in the hospital."
What is the significance of the blizzard of 2016 in West Virginia?,"The blizzard of 2016 in West Virginia was significant because it brought 42 inches of snow to the state, impacting major cities such as JFK, Dulles, and Baltimore."
Who is Ri Chun-hee and why is she significant in the context of North Korea's hydrogen bomb test?,"Ri Chun-hee is North Korea's most famous news reader, known for her dramatic voice and ability to help her country through difficult moments. She announced North Korea's first hydrogen bomb test and is a significant figure due to her long career as a news anchor and her role in delivering important news to the North Korean people."
"What are the key challenges and opportunities in cancer research, and what role do funding and resources play?","Sustained funding and support for scientists, particularly at the National Cancer Institute, are essential for advancing cancer research. While progress has been made, there is still a need to catch up on lost resources and invest in innovative ideas. Resources are critical to accelerating the pace of research, especially in areas like immunotherapy, where the immune system can be harnessed to fight cancer."
How did David Bowie influence the music industry?,"David Bowie was a musical genius who influenced the music industry over five decades. His unique sound, flamboyant theatrics, and ability to push the envelope made him an iconic figure in the world of music. He was a pioneer in many genres, from industrial rock to airy folk pop to hip hop, and his songs have resonated with generations of fans."
Why is the situation in Afghanistan becoming increasingly concerning?,"The Taliban is gaining ground in Afghanistan, controlling more territory than it did before 9/11. This is due to the decrease in American commitment in the region, which has led to the Taliban sending a message to the people that the Americans are leaving and the Taliban will remain."
What is the motto of the Gary Busey School for Dance?,"The motto of the Gary Busey School for Dance is ""[applause]"""
How are the campaigns of Marco Rubio and Ted Cruz different in terms of strategy?,"Rubio is focusing on expanding the party's appeal, while Cruz is emphasizing the importance of maintaining conservative purity."
How did the idea for 'American Crime Story' come about?,"The idea for 'American Crime Story' sat on shelves for two years before executive producer Ryan Murphy read the first two scripts and called John Travolta, which led to the project taking off."
Why is it important to focus on eating one meal at a time?,"Focusing on eating one meal at a time can help you avoid overeating and make healthier choices. When you're mindful about your eating, you're more likely to choose nutrient-rich foods that will help you feel full and satisfied."
What are the current poll numbers in Iowa?,"According to the current polls, Donald Trump is leading with 32%, followed by Ted Cruz with 26%, and Marco Rubio with 13%. However, the polls have been known to be drastically wrong in the past, and the outcome is still uncertain."
What is the NFL investigating regarding Denver Broncos quarterback Peyton Manning and what is his response to the allegations?,"The NFL is conducting a thorough investigation into allegations of HGH use by Denver Broncos quarterback Peyton Manning. The allegations were reported by Al Jazeera last month. Manning has angrily denied the claims, stating that the source, Charlie Sly, has recanted his story. Manning is preparing for Super Bowl 50, which will take place a week from Sunday."
What is the significance of the financial cuts and ad spending in the Republican race?,The financial cuts and ad spending indicate that donors are becoming impatient with Marco Rubio's campaign and are looking for a candidate who can demonstrate a clear path to victory.
What is the current state of oil prices and what factors might influence further changes?,"Analysts at Morgan Stanley believe that an overabundance of oil has resulted in gas prices plummeting, and they might go even lower. The strengthening of the U.S. dollar could cause the price of oil to drop 20 bucks a barrel, compared to the current $31 price per barrel. If that happens, people could fill up their cars for as little as $1 a gallon."
What is the purpose of the new AI tool developed by the researchers?,The new AI tool developed by the researchers is designed to help predict the development of Parkinson's disease by analyzing people's voices.
"How did a police officer in Gainesville, Florida, respond to a noise complaint about kids playing basketball in the streets?","Instead of reprimanding the kids, the police officer in Gainesville, Florida, joined their basketball game, promising to return with backup. The backup turned out to be none other than Shaquille O'Neal, who showed up to play basketball with the kids, leading to the trending hashtag #copsnotcrime on social media."
"What is Aleve PM, and how does it help?","Aleve PM is a sleep aid that combines a safe sleep aid with the 12-hour pain-relieving strength of Aleve, helping to relieve pain and promote a good night's sleep."
What technology does the Obama administration support that could prevent unauthorized users from firing guns?,"The Obama administration supports a technology known as 'smart guns.' These are guns that can't be fired by unauthorized users. The aim is to enhance safety, particularly in homes, and prevent theft or misuse by criminals."
How has Hillary Clinton's strategy changed in recent days?,"In recent days, Hillary Clinton has changed her strategy by going after Republicans and drawing sharp lines of attack against Bernie Sanders. She has taken him on over the issues of guns, health care, and taxes, and is appealing to caucus goers in Iowa to caucus for her over either of the other two candidates. This shift in strategy is a response to polls that show a tight race between Clinton and Sanders, and the campaign is trying to convince voters that Clinton is the best candidate to take on Republican opponents and implement progressive policies."
How did New Jersey Governor Chris Christie respond to criticism over his quick return to the campaign trail after the storm?,"Governor Chris Christie defended his decision to leave New Jersey and return to the campaign trail shortly after the storm, stating that there was no significant residual damage or flooding and that people were able to drive around the streets the next morning. He also mentioned that the damage caused by the storm was mainly beach erosion and flooding, with no major infrastructure issues."
What caused the gridlock in Washington last night?,The gridlock in Washington last night was caused by a rush hour burst of snow that froze the untreated roads and turned cars into out-of-control projectiles.
What topics will be discussed on the show?,"The topics that will be discussed on the show include the latest revelations in the Hillary Clinton email scandal, gun control, and the Republican presidential race."
What are the arguments for and against gun control measures?,"Arguments for gun control measures include reducing gun violence, preventing mass shootings, and keeping guns out of the hands of criminals and mentally ill individuals. Arguments against gun control measures include protecting the Second Amendment right to bear arms, the belief that gun control laws only punish law-abiding citizens, and the concern that gun control measures will not effectively reduce gun violence."
What is the accusation against the college employee?,"A college employee is accused of using his cell phone to take inappropriate photos and videos of female students on campus, an act that has reportedly been ongoing for years."
What evolutionary explanation is proposed for the observed age discrimination against older women?,"Some evolutionary biologists suggest that age discrimination against older women may be rooted in reproductive biology. As older men can still reproduce, while older women cannot, it is theorized that there may be an evolutionary bias against hiring older women as they are perceived as less valuable in terms of reproductive potential."
How has President Zuma's leadership affected the ANC?,"President Zuma's leadership has not provided the kind of leadership that the country needs. He has been very concerned and consumed with his own situation, protecting himself against charges of corruption, surrounding himself with very loyal people, but he hasn't provided clear leadership on the economy. Unfortunately, he has done very little to stem the corruption, which has left the ANC in some disarray. There is unhappiness within the ANC, but there are elements that brought him to power against Thabo Mbeki and don't know what to do."
What was Jerry Falwell Jr.'s role in turning Liberty University around?,"Jerry Falwell Jr. worked to make Liberty University a world-class Christian university by bringing in the best professionals, attorneys, accountants, and financial management, regardless of whether they shared their faith, to turn the university around financially."
Which artist broke sales records and charmed the critics with their comeback album in 2015?,"Adele made a strong comeback with her album '25', which shattered sales records and won over critics with its enchanting tracks."
What can people expect in terms of weather for the rest of the week?,"The rest of the week is expected to be relatively cool and cloudy, with a 50% chance of rain mainly in the afternoon hours on Saturday. Rainfall totals are expected to be around 0.25 inches. Sunday will be partly cloudy, with temperatures ranging from 57 to 61 degrees. Another chance of rain is expected by Thursday of next week. Mountain areas may see snow showers by Saturday night, with 1-3 inches expected. The high desert will have a good-looking day on Sunday, but will be breezy and cool. Overall, no major storms are expected in the near future."
What is Governor Rick Scott's opinion on Donald Trump's electoral prospects?,"Governor Rick Scott believes that Donald Trump has america's pulse because he is talking about the most important issue, which is jobs. He thinks that Trump is focusing more on jobs than the other candidates and that he has a background as a successful business person, which makes him a strong candidate."
What is the significance of Bahrain's decision to cut diplomatic ties with Iran?,"Bahrain's decision to cut diplomatic ties with Iran is significant because it aligns with Saudi Arabia's actions and further escalates tensions between the two major powers in the Gulf region. This move reflects the growing rift between Iran and Saudi Arabia, who are already engaged in proxy wars in Yemen and Syria."
What kind of medical care will the individuals receive once they arrive at the medical facility?,"The individuals will receive world-class medical care at the medical facility. This is especially important for Jason, who was known to have medical issues while he was in the prison in Tehran. The medical facility is equipped to handle high-level trauma cases and has a compound for the families of the released individuals to stay in while they visit their loved ones."
What major events are causing the financial markets to tumble down worldwide?,"The financial markets are experiencing a selloff due to several major events. In Japan, they are in a bear market. The reasons for this turmoil include lower oil prices, with European markets going down by 3%, and companies like Shell or RWE losing 6% in market value. Additionally, Sweden is having a hard time due to lower-than-expected growth numbers from China. The UK market fell to a 3.5-year low. All this is happening while the World Economic Forum is taking place in Davos."
What are the potential implications of Bloomberg's entry into the race?,"Bloomberg's entry could potentially hurt Hillary Clinton's chances of winning the Democratic nomination, as he would draw away votes from her."
What is the significance of President Obama's executive action on gun sales?,"It aims to close the so-called gun show loophole by requiring background checks for all gun sales, including those made online or at gun shows."
What are the potential consequences of the energy crisis?,"The energy crisis has the potential to have far-reaching consequences, including economic slowdown, inflation, and social unrest. Higher energy prices can increase the cost of production for businesses, leading to job losses and reduced economic growth. Additionally, rising energy costs can put a strain on household budgets, potentially leading to poverty and social instability."
Who are the nominees for Best Actor and Best Actress?,"The nominees for Best Actor are Leonardo DiCaprio, Matt Damon, and Eddie Redmayne. The nominees for Best Actress are Cate Blanchett, Jennifer Lawrence, and Brie Larson."
What is the Netflix docuseries that the host and the team are excited to watch and discuss?,"The Making of a Murderer, a docuseries about Steven Avery from Wisconsin, who is facing a life sentence for the murder of a young woman ten years ago. Many people believe he is innocent, and there is a petition with 150,000 signatures to free him."
Why has there been a surge in the placebo effect in America?,"There are several reasons for the increase in the placebo effect in America. One reason is that Americans are more likely to be exposed to medical information and advertising, which can lead to higher expectations of treatment. Additionally, the American healthcare system is more likely to emphasize the use of medication, which can contribute to the belief that taking a pill will improve health. Finally, Americans may be more likely to experience chronic pain, which can lead to a greater reliance on placebos."
What actions is President Obama taking regarding gun control in the United States?,"President Obama is taking executive actions to tighten the nation's gun laws. He is considering narrowing the gun show loophole and expanding background checks. These actions come as Congress has failed to act on gun control, and the president believes that gun violence can no longer be ignored."
What is the five-day detox that Nicky Sharp introduced and what are its benefits?,"Nicky Sharp introduced a five-day detox that focuses on eating real food instead of juice cleanses. The detox app will help users cleanse and kick-start their weight loss in January. It's customizable for both men and women and includes fiber-rich meals to keep users full and satisfied. The five-day detox encourages users to count colors instead of calories, providing the nutrients their bodies need and preventing cravings."
Why did the housing crisis in Florida contribute to the spread of the Zika virus?,"During the housing crisis, there were a lot of abandoned homes and empty pools and gardens that filled up with water. Nobody was home to notice and let in the mosquito inspectors, so the mosquitoes were able to breed and spread the virus."
What is the reason behind the increase in the number of schoolchildren tested for lead poisoning?,"The increase in the number of schoolchildren tested for lead poisoning is due to the elevated lead levels found in the water supply, which exceeded the upper control limit even after adjusting for seasonality."
